{
    "loss": 0.9826738834381104,
    "accuracy": 0.8586316108703613
}