{
    "loss": 5.010907173156738,
    "accuracy": 0.5405527949333191
}